"","X1","X2","Group"
"1",-0.872343312014193,0.399054416378538,"0"
"2",0.593951705282984,2.63128998544514,"1"
"3",1.06612750495555,0.636935201326383,"0"
"4",-0.726636184671707,-0.415653197592663,"0"
"5",0.742168938141226,0.91804577027059,"1"
"6",0.205078704947476,-0.0666957536343309,"0"
"7",-0.13657842206641,0.0686346234305052,"0"
"8",1.03453137470989,0.270445280974638,"1"
"9",1.43767278914267,1.26960251867827,"0"
"10",0.534866040739309,-0.0916810845746971,"1"
"11",-1.81197118418254,-0.489453849651089,"1"
"12",-0.891176294786063,0.356829495060649,"0"
"13",0.252594137775904,2.05260476966481,"1"
"14",0.00729232570353716,0.703368107871737,"1"
"15",1.51182700285959,-0.689793291476822,"0"
"16",-0.824539807735029,-0.339836862413082,"0"
"17",1.58118464296762,0.549770138795201,"1"
"18",1.18628937928967,-0.815764571206633,"1"
"19",-1.56094894754,0.416666299498941,"1"
"20",1.55166347220538,0.299201551868253,"1"
"21",-0.543795761720853,-0.443635116410754,"0"
"22",1.49696054988501,0.958229643069903,"0"
"23",-0.357629247181457,1.48838437535237,"1"
"24",0.686319518554773,-1.15666019334186,"1"
"25",1.61381273867212,1.72573541432592,"0"
"26",-1.76496584811813,1.10425555971723,"1"
"27",1.91906434415105,1.60644017863423,"0"
"28",-1.14669082769682,-1.09619217014602,"0"
"29",0.000809113194465583,-0.59694858169915,"0"
"30",0.00686454914782655,-0.226141554898912,"1"
"31",0.0117913533372885,0.74758267194346,"0"
"32",1.14446219697373,0.664192575672445,"1"
"33",1.63172251296605,-0.721317098194828,"0"
"34",2.23175315669671,1.67911900320359,"0"
"35",1.19283266755975,0.924787388280267,"1"
"36",2.26386623571924,0.253686919857222,"0"
"37",-2.34644300016164,-1.28804742406773,"1"
"38",-0.401526086403277,-0.221371000772387,"0"
"39",0.178533990948879,0.643984663654474,"1"
"40",-1.3910352978161,-0.397112788567554,"0"
"41",-0.434555411004685,1.72615614067512,"1"
"42",-0.504559857280566,-0.563136971518992,"0"
"43",-1.28952862032534,2.12126948993369,"1"
"44",0.0263240661504389,1.23236388670287,"1"
"45",1.1270098403419,-1.03224925993808,"1"
"46",1.52816331225894,1.60973074603201,"1"
"47",0.416488721469505,0.595295879082664,"1"
"48",-1.72992159564297,-1.02131177839063,"1"
"49",-0.794284429424429,0.0328133610064105,"0"
"50",0.575478929972051,0.325249052509017,"1"
"51",-0.220094495553757,0.199845654587387,"0"
"52",0.0894008062796513,0.777716765688322,"1"
"53",1.49111119123978,-1.12341884687959,"0"
"54",-0.495289219999995,-1.36441372611573,"0"
"55",2.46450067841062,-1.11753054221258,"0"
"56",0.0294058854115054,-0.50936446669963,"0"
"57",0.419144079789011,-0.247053184205782,"0"
"58",1.2241698142619,0.495228636514487,"1"
"59",0.601806522578737,1.42043572317481,"1"
"60",1.78981683804145,0.24683194627412,"0"
"61",0.471605939444062,-0.61368322931508,"1"
"62",1.09761394430519,-0.0792707813830925,"1"
"63",0.689205990805649,1.22257707385092,"1"
"64",0.121771635756279,0.967441510985021,"1"
"65",0.165621369001392,1.5567901455498,"1"
"66",2.04609876696319,0.331411810342006,"0"
"67",0.490522247521343,-1.05361143312034,"0"
"68",-0.406297199671656,-0.261572215612766,"0"
"69",0.5208734300484,-0.596708817972614,"1"
"70",1.65448413503396,-0.777568501642335,"0"
"71",-0.681213975447411,-0.689570370610051,"0"
"72",0.378921437706439,1.08891114303557,"1"
"73",-1.99610560198525,-1.3751226677386,"1"
"74",-0.895510976261518,-0.248269861655211,"0"
"75",1.08050356863709,0.215171316927918,"1"
"76",0.780306609589502,0.575909130385984,"1"
"77",1.24847889023047,-0.449092282385723,"1"
"78",-1.77269814835969,-0.680727494977379,"1"
"79",-0.851788938291397,1.01177399709567,"1"
"80",1.76006144377087,0.529999677420231,"0"
"81",-0.69417101603101,-2.22274009239945,"0"
"82",2.37115088311785,-0.936700124707196,"0"
"83",1.41517892004929,-1.07141444992466,"0"
"84",1.78589670041841,1.53190452525689,"0"
"85",0.57669861478962,-1.22282299408713,"0"
"86",0.579278532647503,-1.14021150880329,"1"
"87",-0.122511768771499,1.70135006426574,"1"
"88",0.518725160295307,0.481837730102697,"1"
"89",-0.528119893615565,-0.702120102251866,"0"
"90",0.821338698890843,-0.451846142507108,"0"
"91",0.304607290387274,0.799723763153818,"1"
"92",1.72552527088127,-1.53029387181815,"0"
"93",0.556965177146681,0.381991613210813,"1"
"94",0.165238207877442,-1.09367581013287,"0"
"95",-1.38273237570727,-0.809865866342584,"1"
"96",0.169105285394843,2.06181819629067,"1"
"97",1.55423124307314,0.465310224184459,"0"
"98",0.15143284351135,1.25187541349733,"1"
"99",-0.430817525700973,0.29618250503401,"0"
"100",0.183404531183068,0.270108740610959,"1"
"101",0.570456845625228,1.15659644896503,"1"
"102",-0.398080412253792,0.915673732239108,"1"
"103",0.533033713090709,0.188472007090565,"1"
"104",-0.410978929456958,-0.163553874283656,"0"
"105",0.53228364709382,-1.806796432132,"0"
"106",1.05398468203518,1.63766732169925,"1"
"107",0.964727239257729,1.04672406186676,"1"
"108",-1.51391750978628,0.581372100275227,"1"
"109",-0.308663952323536,-0.578228926408008,"0"
"110",2.30732133447715,1.83722030556547,"0"
"111",0.596334324763538,0.359159425329222,"1"
"112",0.734477409026477,1.07492125077434,"1"
"113",-1.31397044067106,-0.444417429002633,"0"
"114",0.122671735966725,1.41599565128967,"1"
"115",-1.37854890746236,2.51714738893072,"1"
"116",-0.11037880190613,-0.206662361834043,"0"
"117",-1.16126048795096,0.238454103454576,"0"
"118",-0.801222339761718,1.17611003805115,"1"
"119",0.214197322374311,0.709132304563061,"1"
"120",1.52291153050864,-0.356058213384834,"0"
"121",0.11600328312564,-0.163381110726657,"0"
"122",0.683977885487865,-0.680440789264211,"1"
"123",1.04463412221787,0.847699863310435,"1"
"124",0.282898876070183,-0.334458800419448,"0"
"125",0.0298344645438858,0.509388107641775,"1"
"126",0.738520129834544,-1.52520210998947,"0"
"127",0.426919666185893,0.258188491240376,"1"
"128",-0.540669577160017,-1.47993785088257,"1"
"129",-0.278878917328407,0.375171216510023,"0"
"130",2.06580061932844,-1.69273790406956,"0"
"131",3.33242598931072,-1.25487245839296,"0"
"132",0.399849275994937,1.8674035111482,"1"
"133",1.11612686863764,1.6945457447095,"1"
"134",0.241547320558774,-0.0175448580228959,"1"
"135",-0.98513987578017,-1.88924983272857,"0"
"136",0.45398935598292,2.40292106174939,"1"
"137",0.213580913770023,-0.231397835837519,"0"
"138",-0.233156400748389,2.39414893764809,"1"
"139",-2.1481695955975,1.24828012754191,"1"
"140",0.522620541031607,0.820942761892476,"1"
"141",-0.951557311522898,0.590453495687215,"0"
"142",-1.67146041151718,0.588555481231965,"1"
"143",1.41580598014008,1.06356821705884,"0"
"144",0.0797297969752123,-2.08526903936344,"0"
"145",2.37418305994023,-0.109263168117937,"0"
"146",-0.450361452413535,1.06826730394029,"1"
"147",2.22675391391993,-0.0517731783379416,"0"
"148",1.15925216637656,-0.275646253311092,"0"
"149",0.167014572312626,1.66239558826732,"1"
"150",0.441726700005269,-0.676784010579729,"1"
"151",0.106951445419977,-0.746987113095789,"0"
"152",-0.64147667724156,1.18229950973346,"1"
"153",0.0391616985459794,-2.34164312913171,"0"
"154",0.0401290249922154,-0.278469145710427,"0"
"155",-0.0242627424033861,1.46656525098557,"1"
"156",0.516651644292326,-0.91025166300146,"0"
"157",1.73992039310742,0.0149548317862979,"0"
"158",1.52467322441933,0.746714162828016,"0"
"159",0.0978790501396552,0.0157111283422085,"1"
"160",2.95228674509644,-0.913761501647069,"0"
"161",0.495554998342074,1.2414197135337,"1"
"162",-0.502104079796225,-1.92317308959345,"0"
"163",0.0417119070464461,-0.0801364693067375,"1"
"164",0.629514628314519,-0.683025510256021,"1"
"165",-0.623758153495713,0.549826938079439,"0"
"166",1.08826483736813,0.830574211005636,"1"
"167",-1.57230022395413,0.156044202893742,"1"
"168",-1.76978227682681,0.412654876583031,"1"
"169",1.16386702733276,0.494161538768043,"1"
"170",2.53779099140062,0.0515161969060034,"0"
"171",-0.867387390393266,1.43477022445883,"1"
"172",-1.10567873664309,-0.447571593556437,"0"
"173",1.24916481907558,-1.20049877077787,"0"
"174",2.24143947068135,0.429538031390992,"0"
"175",1.47927283532625,-0.3267731638618,"0"
"176",-0.0913539082623198,0.400289262151805,"1"
"177",0.609772106849222,-0.540396941383404,"0"
"178",0.665595370321695,0.0155600283581944,"1"
"179",1.38694294994186,0.0748485362136749,"1"
"180",-1.31373682556854,-0.635175936363344,"0"
"181",-0.423848404695613,1.36629164642904,"1"
"182",-0.501224256970338,-0.133048918557197,"0"
"183",1.28574438321581,0.610814087282267,"1"
"184",-1.20613849506322,1.21215884198892,"1"
"185",-0.181046636307685,1.06193373612382,"1"
"186",1.26482060453525,-1.53745692820794,"0"
"187",-2.11687429161804,0.354330935344721,"1"
"188",1.43039909650033,-0.844078647300964,"0"
"189",-0.0300854550577303,-0.409314697432306,"1"
"190",-1.09394037005777,-1.81695550790508,"0"
"191",-0.960435645944801,-0.801195985813276,"0"
"192",1.04586087812335,0.726624856132752,"1"
"193",2.23861664352501,-1.70263481115732,"0"
"194",-0.685199392192756,0.513509728081982,"1"
"195",-0.821041729346747,0.131641179979729,"0"
"196",0.990533618688706,-0.849491437576328,"0"
"197",0.308578820169011,-0.693141234329608,"0"
"198",0.416376780180963,1.46390932631205,"1"
"199",0.772851563438437,0.00320085950189997,"1"
"200",-0.657420865943513,-1.49870197718899,"0"
"201",0.592032707863202,0.25741914711104,"1"
"202",1.89975459613866,1.68552432594566,"0"
"203",0.627849969176589,0.63517569562119,"1"
"204",0.283412224049143,-0.319493633228026,"0"
"205",-0.43968462414957,-0.162151962365393,"0"
"206",1.72526924680392,-0.499283203497284,"0"
"207",-1.09828189682803,-0.643392051660748,"0"
"208",-0.368934297151682,-0.474047086396471,"0"
"209",1.00757406791188,0.481499316667148,"1"
"210",-1.25894074823463,-0.757852497030665,"1"
"211",0.03615573017959,-0.235374190089968,"1"
"212",0.238892866339293,0.156049498866356,"1"
"213",-1.0002049210089,-0.111391761060142,"0"
"214",0.698682176621641,1.25047692471218,"1"
"215",-0.715044235160752,1.06997798019147,"1"
"216",0.424511446573545,0.387560690117398,"1"
"217",-0.786173099962024,-0.550711650179199,"0"
"218",0.382579513429163,-1.44530048084492,"0"
"219",0.353468003390812,1.25017692759542,"1"
"220",0.390228684642605,-1.01980646746329,"0"
"221",0.297965108789793,0.827427939982524,"1"
"222",-0.352362761509128,0.293623950543623,"0"
"223",0.959684228270916,0.654804386423489,"1"
"224",-0.450502346256859,-0.236320921838894,"0"
"225",0.707284088120101,-0.0854767751612547,"0"
"226",-2.13156874734764,-1.24298546986687,"1"
"227",-0.887456498995584,-1.79259635330374,"0"
"228",0.350264326068494,1.48838617712449,"1"
"229",2.48810134014375,-0.0182709129076647,"0"
"230",0.14912859676063,-0.618667193859168,"0"
"231",0.41954115458583,0.0818242887406306,"1"
"232",0.173266619343765,-0.174024595175084,"0"
"233",0.533119431753855,0.431218480573813,"1"
"234",1.11745801428612,1.69482970147932,"1"
"235",0.21759179638891,-1.51169358750436,"0"
"236",1.2820488000014,1.58554911538915,"1"
"237",2.04383014304508,-0.251457571310659,"0"
"238",-0.924358565497674,-0.345989023608065,"0"
"239",-0.412112926049725,0.888906656650679,"1"
"240",0.42149283177162,1.00950186800044,"1"
"241",0.271803223630515,-1.17732584159444,"1"
"242",0.318138887938465,-0.407196570542343,"1"
"243",0.496706386611656,0.441908864579176,"1"
"244",1.15336739871192,-0.79149427383968,"1"
"245",-0.0126338651447746,-1.3615418029291,"0"
"246",-0.936833400630904,0.499067719260368,"1"
"247",0.069756794185467,0.797578976573411,"1"
"248",-0.819012019132947,-0.22295181668714,"0"
"249",3.36173325033523,-1.14987291168858,"0"
"250",0.299582768088613,-1.63333111910556,"0"
"251",-0.519325318950063,1.01193948104469,"1"
"252",-0.481914391788662,0.0124047373087469,"0"
"253",-0.781609039912689,-1.06598868720365,"0"
"254",-0.100183104700427,0.484295196761724,"1"
"255",0.669526308762164,0.84239774334817,"1"
"256",-0.250064848925414,0.334778071148821,"0"
"257",-0.451558156877738,1.6213970862783,"1"
"258",-1.01524579588314,-0.191899461567388,"0"
"259",0.773970743535066,-1.52246261172409,"0"
"260",1.93559431616701,0.0454320008583284,"0"
"261",-0.664545310775205,0.072753338060075,"0"
"262",3.31373161097349,1.27900853135868,"0"
"263",-0.623644980912372,-0.439223648391173,"0"
"264",1.23463309211021,-1.74075553829143,"0"
"265",0.169848878640957,-0.733314258597208,"0"
"266",-0.272822482390101,-1.13350374674634,"0"
"267",-1.73501549361486,-1.18248720612631,"1"
"268",0.365355280600596,-0.237722390252284,"0"
"269",-0.267550417721973,1.61498020123217,"1"
"270",2.05435972949482,0.265017529767893,"0"
"271",1.08971409988412,-0.520898169695435,"0"
"272",0.734310538706715,-1.06456132902294,"1"
"273",1.90884626078071,0.419244334137952,"0"
"274",1.17439908255088,-0.517381458149954,"1"
"275",-1.32885039754438,1.62857910729906,"1"
"276",-1.43431081490606,0.130730713923183,"1"
"277",0.00282655939947324,-0.132989613034187,"0"
"278",1.22168170039822,0.161855030947857,"1"
"279",1.36014714832157,-0.579254172341332,"1"
"280",-0.810021553674099,0.942898561092424,"1"
"281",0.0230493255378544,-0.924352114577951,"0"
"282",-0.0351391731049059,-0.281779474929475,"1"
"283",-1.382907383453,0.3471894595617,"0"
"284",0.468071192023549,-0.592103760879467,"0"
"285",1.77952379381844,2.02325783246134,"0"
"286",1.67684261696133,1.02788775121056,"0"
"287",-0.152903212082114,-0.19041307020061,"0"
"288",-0.183810878119697,0.831989381816655,"1"
"289",0.165301195120145,-0.635877521316438,"0"
"290",-0.798846647696988,1.37317106642228,"1"
"291",-0.774913097841328,0.503310405675673,"0"
"292",-0.777030920486416,0.0257845100409189,"0"
"293",-0.0531265246482255,-0.718783607941843,"0"
"294",-1.14185248963478,-0.662588163580643,"0"
"295",1.14936689377781,-0.702842155249328,"0"
"296",0.219531760065747,1.45492117802371,"1"
"297",-1.50714773515821,1.64212738366816,"1"
"298",0.583575844971994,2.07523840944206,"1"
"299",0.378686495731881,0.0738132186366494,"1"
"300",-0.231603488492268,-0.0451911491108099,"1"
"301",0.0748547778185226,-0.190603524532885,"1"
"302",0.981439311551611,1.52162832234356,"1"
"303",-0.0287747422680819,0.78947728267053,"0"
"304",1.86910102786473,-0.889143515659282,"0"
"305",1.10274965014101,-0.349171239024356,"1"
"306",0.910413476251413,0.437528085925474,"1"
"307",-0.15066110808672,0.757854143771122,"1"
"308",0.457404509035926,-0.613867508255764,"1"
"309",1.17607076339882,0.41315441754508,"0"
"310",1.60228009149555,-1.49086206602963,"0"
"311",-0.456025557255466,0.59453634720404,"0"
"312",-0.139018122929444,0.315686347809941,"1"
"313",1.46930927072082,0.852133451474803,"0"
"314",-0.510644327400051,-1.33138784969976,"0"
"315",-0.187208223489921,-0.775979580663689,"0"
"316",-0.914016834103594,0.707861296471844,"0"
"317",-1.06628563171288,0.559737424861005,"0"
"318",-0.391014740946687,-0.719902790116308,"0"
"319",1.36733744441518,2.04469581133022,"1"
"320",-1.236236060159,0.281387548690072,"0"
"321",1.92545739299275,0.452291239252989,"0"
"322",-0.659221042760402,-1.86333704850105,"0"
"323",0.607279954856792,-1.57628782253043,"0"
"324",0.877382060665033,-1.19345592601121,"1"
"325",-0.556574945536072,0.441315150029453,"0"
"326",0.198432712349029,0.146451308813994,"1"
"327",-1.24655140772519,-0.824904407199144,"1"
"328",1.22923208585013,0.371841048966148,"1"
"329",-1.34828274643527,0.0138954700997415,"0"
"330",2.00072719242851,-0.207790316803349,"0"
"331",-0.320681583204069,1.0098479200302,"1"
"332",-0.474060589204962,-0.0140430504050867,"0"
"333",0.712515419635202,-0.598525056878229,"0"
"334",0.0725549531622517,0.667398570778481,"1"
"335",-0.649922553597727,0.671381949991299,"0"
"336",-1.08541695400683,0.0648454497643211,"0"
"337",-0.887110401710853,-0.740608664465999,"0"
"338",0.598126891546659,0.650383379400636,"1"
"339",0.395144072170706,1.1201410520396,"1"
"340",1.03844630820742,0.940462645212586,"1"
"341",0.655282777446115,0.0914972153030243,"1"
"342",1.20736986943821,0.124722697204646,"1"
"343",0.387780583073335,-0.362675065266802,"0"
"344",0.516449933281522,2.47290381771618,"1"
"345",-0.592732123822368,-0.401515280962654,"0"
"346",0.342125729044552,1.7834617501292,"1"
"347",-1.8559454152429,-2.03406136173862,"1"
"348",1.0652887091183,0.987821187669408,"1"
"349",1.07520278624523,1.3090106130573,"1"
"350",-1.68527013436292,-0.658590742179037,"1"
"351",-0.859449918942658,1.38495911678933,"1"
"352",0.307921689933748,1.3384750795634,"1"
"353",-0.669864604878478,0.64242362019376,"0"
"354",0.357357961725688,-0.291095483211582,"0"
"355",0.2515124641266,1.44905682438391,"1"
"356",0.309976383217906,0.526286501009029,"1"
"357",0.990515256092395,1.53601394286743,"1"
"358",0.364470797719052,-0.191536504055384,"1"
"359",0.312087979046711,-0.317578003660826,"0"
"360",0.845250846612075,1.81405315194253,"1"
"361",2.7035856533418,0.820268273267687,"0"
"362",2.21205523514292,0.803605580022068,"0"
"363",-1.92941431535948,0.286018682545431,"1"
"364",1.4362969885718,-0.646786575373501,"0"
"365",-0.068134713440964,-0.028405196600212,"1"
"366",-0.296740566884999,-1.14199058873654,"0"
"367",-0.240703934415532,-0.572081209519133,"0"
"368",0.796133216455107,-0.0466989005759727,"1"
"369",-1.35052732212036,-1.02991712650762,"1"
"370",0.414131797494167,0.24907200599289,"1"
"371",0.0458344927858537,0.866614050530813,"1"
"372",1.67614355585388,1.08379502847989,"0"
"373",1.49093719821719,0.837068168115206,"0"
"374",1.20138646636465,1.17084791794952,"1"
"375",-0.174169393697329,0.911082147176802,"1"
"376",-1.21874837360079,-0.797374444259165,"0"
"377",0.0549603353176613,-0.504561739325659,"0"
"378",0.978870621620213,-0.503457279874722,"0"
"379",-0.579921469261314,0.324457376312005,"0"
"380",2.11586041643284,0.710753248438947,"0"
"381",1.07525682344207,0.184383826034853,"1"
"382",1.89937123400808,-0.438599220379186,"0"
"383",0.869649724686135,2.22902033420675,"1"
"384",-1.4451129553616,0.0572272366395745,"0"
"385",-0.609476513615379,-1.01280887052056,"0"
"386",-0.859785666692859,1.11184634413639,"1"
"387",-0.580161784933959,-0.439781616425197,"1"
"388",0.833647570213794,-0.726574263112736,"1"
"389",1.67428052014075,0.500101114672809,"1"
"390",2.14129572840673,1.7311498540687,"0"
"391",-1.43301317337373,-0.683983033034137,"1"
"392",-0.176378024077235,0.119923146635314,"0"
"393",0.0527167074084802,0.342951716479683,"1"
"394",0.207962799192631,-0.267845180025216,"1"
"395",0.111936694220063,0.991880318620556,"1"
"396",-1.13540288907595,-1.41213861753524,"0"
"397",1.17143586124537,-0.00604527169250979,"1"
"398",-0.854047147531484,1.54240078051636,"1"
"399",-0.594290434368032,-0.408089162673109,"0"
"400",0.401659483833467,0.225976310265769,"1"
"401",-1.76105333781252,-0.584892915323922,"1"
"402",1.06706109322563,-0.736453767087614,"1"
"403",0.64664278555601,-0.891589212609763,"0"
"404",0.45116130863236,-1.5809620004179,"0"
"405",0.407415908737398,1.75432868116309,"1"
"406",0.264065933137937,1.12741544929222,"1"
"407",1.58303633413117,1.10986883737115,"0"
"408",1.00397961492395,-0.665459517269286,"1"
"409",0.419990065486336,-0.171268647484206,"0"
"410",1.08089857479916,-0.200641046486089,"1"
"411",-1.75688359160643,0.478784746182669,"1"
"412",1.12901417842849,1.49329333113354,"1"
"413",0.322518977987026,0.614458863734349,"1"
"414",0.0447581407359439,1.19096298620638,"1"
"415",0.0855939140433531,-1.07725093741477,"0"
"416",0.271100616356291,0.025761691629697,"1"
"417",-0.631670107910079,-0.974087039325149,"0"
"418",0.495419490550656,-0.758938542034047,"0"
"419",-0.0355249468395937,0.177791550967133,"1"
"420",2.71189709200787,0.171251922528131,"0"
"421",0.27639318395431,0.318210042666647,"1"
"422",-0.94321644767627,-0.405102922748799,"0"
"423",-0.720827413313077,-2.85475227898346,"0"
"424",1.26720081300588,-0.59858782173487,"1"
"425",1.62858745659876,0.0905743048115155,"0"
"426",0.0973483592945534,-0.267886840921771,"1"
"427",1.23666140140334,0.00225288177067201,"1"
"428",0.230670478476498,-1.0625823131885,"0"
"429",2.04273558410755,1.62379158347291,"0"
"430",0.767186060173665,-0.279882906295569,"1"
"431",0.587144304472308,-0.98246127295652,"0"
"432",1.42352478182516,-0.581597204688236,"0"
"433",0.941579301815705,-1.10748738137258,"1"
"434",1.64293212096818,-0.266940319514789,"0"
"435",1.60787948476503,0.191376732751566,"0"
"436",2.55762724588697,-0.645906644803009,"0"
"437",-1.75419980799351,-0.813093517698862,"1"
"438",0.864940835639989,0.543374780355522,"1"
"439",-0.919602869415944,-0.691382771759483,"1"
"440",0.932291872131587,0.0515938951220221,"0"
"441",1.95919675650589,-0.675568684217818,"0"
"442",0.926189642622146,0.873866234654786,"1"
"443",-0.0059041235470695,-0.477458193157961,"1"
"444",0.171228418855657,0.658184424791536,"1"
"445",-0.763650877103364,1.05448546728982,"1"
"446",-0.602197959202508,1.08160208706229,"1"
"447",0.293433661193017,-0.587003745095128,"0"
"448",1.57200229044546,2.31460911930496,"1"
"449",0.0727449390753909,0.0662842200996742,"0"
"450",0.682755756142288,-0.0447414914984755,"1"
"451",1.47495886600955,0.768003093417313,"0"
"452",0.277918007843817,1.41104317013048,"1"
"453",-0.446527769113958,0.602633673262696,"0"
"454",0.199219894833958,0.854178824486826,"1"
"455",-0.177612318294897,1.04098462144547,"1"
"456",-0.850162013421915,-0.134947607127932,"0"
"457",-1.17833256094711,2.05710720899861,"1"
"458",-0.0207989552693109,-0.602388206111117,"0"
"459",-1.12941468244925,1.88513017272323,"1"
"460",-0.705706954136777,-0.400305125120484,"0"
"461",1.23683635644022,-1.01528416895585,"1"
"462",1.29687609077374,-1.64134425703223,"0"
"463",1.30186575092873,0.629790131973415,"1"
"464",-1.01607201554476,1.81392051466063,"1"
"465",-1.27814201348337,0.872808654958573,"1"
"466",0.666742832794807,1.10775466966597,"1"
"467",-1.29662587764448,-0.709965854507104,"1"
"468",-0.0708462585531337,0.0981049227224311,"0"
"469",-1.38090423406783,1.44022236235398,"1"
"470",0.427983189251382,0.203436366155221,"1"
"471",-0.815007947051822,-0.938208295080321,"0"
"472",0.509076064419598,-0.68885602747611,"0"
"473",-0.0312087944720527,0.14935933541484,"1"
"474",0.519154759936879,0.507845967337266,"1"
"475",0.506255213917159,0.6285508954188,"1"
"476",0.336147517162902,-2.01279130745489,"0"
"477",-0.988560636949691,0.771251586601558,"0"
"478",-0.0841881894899168,-0.319006131232434,"1"
"479",0.605070134581413,-0.647463924388713,"1"
"480",-0.387237542986135,1.55465568748211,"1"
"481",0.871988136461827,1.3511750621182,"1"
"482",-0.779848407666864,-0.594301767293451,"0"
"483",-1.71791123053397,-0.170435371295875,"1"
"484",1.93688402269748,-0.117163801613972,"0"
"485",0.912005612996641,0.442520378414034,"1"
"486",-0.66674224093915,-1.55765325572547,"0"
"487",0.391623076617367,0.53377036731614,"1"
"488",-0.718508022960839,0.25198406388112,"0"
"489",1.36299260403985,0.384996721840221,"1"
"490",-0.285404883962283,-0.709302458099468,"0"
"491",-0.218910099133965,-1.86526986327981,"0"
"492",1.1041783097005,1.67265085735161,"1"
"493",-0.0907016392589644,-0.646403285086138,"0"
"494",0.337360213091082,0.97938163072182,"1"
"495",-1.98705440860947,-0.239995081902511,"1"
"496",0.711748056408008,1.23025595424156,"1"
"497",2.73686947894566,0.63721381528151,"0"
"498",1.04004750529414,-1.19444148399789,"1"
"499",-0.00222077727310172,-0.276180734438742,"0"
"500",1.77944387984255,0.875387899706804,"0"
"501",1.26927548359506,-0.639459550724374,"1"
"502",0.0565202128523703,-0.0322036020124083,"0"
"503",1.30349960658408,-3.58512614379025e-05,"1"
"504",-0.348130053691006,-0.503680550996114,"0"
"505",0.816981264307601,0.264300189300559,"1"
"506",1.24699035038871,2.04540244541817,"1"
"507",1.53195638437423,0.564617447044355,"0"
"508",0.651007342996883,-1.37124779282781,"0"
"509",0.112210685905739,0.935895309671986,"1"
"510",-0.79413705536953,1.61304907663661,"1"
"511",1.07581531367915,0.0893518600513981,"1"
"512",1.48417383795315,0.640920661681379,"0"
"513",-0.63950254676998,1.63491716298903,"1"
"514",0.407790100638029,0.677356743383519,"1"
"515",0.917344226509304,-0.839969678578548,"1"
"516",0.965372425979892,0.525996983765678,"1"
"517",1.29759940431835,1.13657899043591,"1"
"518",1.20085753418122,-1.01702254648295,"1"
"519",0.85628223205443,0.495963676944727,"1"
"520",0.16802453409944,1.12985372452956,"1"
"521",0.663933126580464,-0.0695190538695856,"1"
"522",1.60735290689338,-0.342128938408887,"0"
"523",0.0330926619010265,1.15178014136688,"1"
"524",-1.30904495720563,-0.293300882359537,"0"
"525",-0.596752967508623,-0.0639490067770574,"0"
"526",1.38058050007887,0.243118109556066,"1"
"527",-0.157152726334232,0.228011002286076,"1"
"528",-0.458745847851553,1.07933584848152,"1"
"529",1.22523340704229,1.98849847080261,"1"
"530",0.512122711987793,0.447921419508853,"1"
"531",1.05049633579373,-0.484584001698286,"1"
"532",-0.0877666406631535,0.635385787365715,"1"
"533",-0.315943422064803,-0.0070327428400281,"0"
"534",-1.05100601622617,-0.338456399730086,"0"
"535",-0.677360890758354,0.746450709195514,"1"
"536",-0.320825800113716,-0.507955093110721,"0"
"537",-1.26392950574749,0.773490361413355,"0"
"538",2.20747647727454,-0.377856773836519,"0"
"539",0.618354406490087,-0.578054144769841,"0"
"540",-0.970760472629389,0.925340672566399,"1"
"541",1.97227436215273,-0.556642846149607,"0"
"542",0.773549816404616,-0.0401909195174742,"1"
"543",1.44485739664277,-0.534272692570345,"0"
"544",1.43146457831728,2.0036419039038,"1"
"545",-0.961866944545915,0.866278638895152,"1"
"546",-0.50466763644876,1.08967928984209,"1"
"547",0.876057829360164,1.48323803501458,"1"
"548",0.0388936181684621,0.226081834911228,"1"
"549",-0.393478847990055,1.42622589949371,"1"
"550",1.15499390176249,0.0793495700591535,"1"
"551",-1.32913208653464,-0.576551576995936,"0"
"552",-0.309165057078476,2.39819607420826,"1"
"553",0.172277996264133,0.550105895276387,"1"
"554",0.245596410185713,0.352608268698722,"1"
"555",-0.190767042672939,0.904025379050474,"0"
"556",-0.340352606088302,0.0252428723795436,"0"
"557",1.87307125856917,0.519171885111844,"0"
"558",1.71071628472815,1.78244590749039,"0"
"559",-0.683422286873622,-0.0753653832264405,"0"
"560",-0.192840127401135,2.84956037060785,"1"
"561",0.1407884641656,0.758849953551846,"0"
"562",0.529261141482151,0.617074668743795,"1"
"563",1.34080049280413,0.0059202273351352,"1"
"564",0.464048543986443,1.06982676898628,"1"
"565",-0.527390124607801,-0.185103075077478,"0"
"566",-0.679028125489112,-0.379929605448072,"0"
"567",-0.604609314445311,1.4571862102993,"1"
"568",0.326990596241641,-0.442303865535595,"0"
"569",-0.466852167133057,0.440904482418289,"0"
"570",-0.373267926626976,1.64696992716422,"1"
"571",-0.327477704914636,0.275787171423543,"0"
"572",0.799103958224011,-0.351448606333064,"1"
"573",0.393273352531825,0.615666005334431,"1"
"574",-0.243474296896965,-0.0521250856883448,"1"
"575",1.3792657328579,-0.975290796730446,"0"
"576",1.41874016455925,1.74165259024254,"1"
"577",-0.693591239122882,-0.542899275418972,"0"
"578",1.13077194751184,1.85814869269732,"1"
"579",0.0433427496738749,0.796655161065741,"1"
"580",0.637017165718748,1.46597003713147,"1"
"581",1.162682073243,-0.705049713461139,"1"
"582",0.479137848190277,1.26829703323632,"1"
"583",0.55868011465725,0.358166333929699,"1"
"584",0.595423578183726,-0.353289063808617,"1"
"585",0.617743022093119,1.33838813189231,"1"
"586",1.07684155168786,-1.2909930543308,"1"
"587",0.645092142132851,0.23467455905581,"0"
"588",1.51878592634742,-0.856992900653578,"0"
"589",-0.128498428931479,-0.935230737377203,"0"
"590",1.49009919794409,0.432182467969087,"1"
"591",0.323079686547685,1.03349530347373,"1"
"592",0.497282145628679,0.818139088744371,"1"
"593",1.90885660010381,1.16637348842183,"0"
"594",1.62250889628142,-0.14148665420689,"0"
"595",-0.426047774645349,-0.0286562721330834,"0"
"596",1.59018464067937,0.366639935097228,"0"
"597",-0.313922080876666,-1.28353483627771,"0"
"598",0.705271710691384,-0.16811546445953,"1"
"599",0.982462496980094,-0.0267695760142953,"0"
"600",-0.00612002171164305,2.62935395311132,"1"
"601",1.97326466885069,-0.0688250997372921,"0"
"602",0.626204957648305,-0.735133872129843,"0"
"603",0.467939966919509,-0.930506588747596,"0"
"604",2.76848733381648,-0.372922162253784,"0"
"605",3.60369941863529,1.14264800349452,"0"
"606",0.646845334405685,-0.114218145179425,"1"
"607",0.194213007250389,-0.364858675895659,"0"
"608",0.750406991213701,-1.01822132092804,"1"
"609",-0.72909497627853,-0.359388877981581,"0"
"610",-0.395529431810279,0.573477714356797,"0"
"611",-0.684956230651919,2.43841966971413,"1"
"612",-0.931591722667241,0.416798110300827,"0"
"613",1.81892632147336,-0.883381262532805,"0"
"614",0.708940983897106,0.983075355346389,"1"
"615",-0.0764676261862345,1.29585102118073,"1"
"616",-0.011592183464594,-0.277026590888058,"0"
"617",-0.57054115039755,1.85311751689222,"1"
"618",0.554798596887908,-0.33946060895466,"0"
"619",-0.793173078126875,-0.597520268648541,"0"
"620",0.626507321733819,-1.8918623874518,"0"
"621",2.13074248756603,-0.143899342707033,"0"
"622",-0.262160625501707,1.66138210804976,"1"
"623",-0.572546943412952,1.34434028195685,"1"
"624",1.10816626033738,1.17325368356457,"1"
"625",-0.0132357214744394,0.00282204522732158,"1"
"626",1.06440040281859,-0.191127097633377,"0"
"627",-0.554039795678764,0.907362698946269,"1"
"628",0.672162325210867,1.31828612844364,"1"
"629",-0.204475612523107,0.818818994569792,"1"
"630",-0.0547002719163473,0.558783828010321,"1"
"631",-0.886388433461435,-0.767874501563707,"0"
"632",2.61355783427938,-0.506644236741421,"0"
"633",1.977359099313,-0.382506026660206,"0"
"634",0.516102060498814,-1.56867773546423,"0"
"635",-0.849114435655708,-0.0614611920452778,"0"
"636",-0.361407199920334,0.624881033471036,"0"
"637",0.111591281238133,-0.438576213809437,"0"
"638",-0.326642739059485,1.28909605757319,"1"
"639",0.871067392389154,0.277332309082912,"1"
"640",1.74663715679112,0.0222691800199606,"0"
"641",1.14564279175818,-0.645218361023201,"0"
"642",-0.476851668188847,0.602799773133295,"0"
"643",1.05772415822475,0.727879428743302,"1"
"644",0.440199280960653,0.516637892100116,"1"
"645",1.38346286990863,2.10850449684939,"1"
"646",0.659642329807175,-1.79888114149087,"0"
"647",1.02588701087905,-0.0458860223865671,"1"
"648",0.197352226435584,1.3123905763465,"1"
"649",1.22259899145196,1.68152486968511,"1"
"650",0.243002686615758,-0.475344993733131,"0"
"651",1.12262296713924,1.13561468166104,"1"
"652",-1.32828556192958,-1.68903429812822,"0"
"653",0.476059047196566,0.0656814092383078,"1"
"654",-0.501352203045442,-0.282616127475422,"0"
"655",-1.37662197700355,0.600641439175332,"0"
"656",0.297444597756731,0.343400258048763,"1"
"657",0.0226447208930666,0.30125488365045,"1"
"658",-0.198970696476011,-1.38508353474483,"0"
"659",-0.259266807052893,-0.29562743247117,"0"
"660",0.0621787989841246,1.18352506892491,"1"
"661",-0.661782650629156,-1.23104673701137,"0"
"662",1.21164149365275,1.03602460775226,"1"
"663",0.193677026071448,-0.0757985661340695,"1"
"664",-0.388700537431653,-0.280763700443987,"0"
"665",1.78570655619402,0.746816219887288,"0"
"666",-1.21116632848413,0.734517755060124,"0"
"667",-1.06796725811019,1.48618295156134,"1"
"668",0.706718156166109,-0.209914324643639,"1"
"669",-2.28945967260994,1.68402754437815,"1"
"670",0.663221368924816,0.159945015667933,"1"
"671",0.588319438214117,0.213003855658979,"1"
"672",2.03839156140612,1.64716363829775,"0"
"673",-1.90705849030157,0.955106999941659,"1"
"674",-0.00426150780921873,0.367724394898131,"1"
"675",-0.719428946488049,-0.455775872397071,"0"
"676",-0.66901701747188,-1.39510375528949,"0"
"677",1.61441873276471,2.14744768511393,"1"
"678",-1.61679596472611,-0.545243850451086,"0"
"679",0.254274290289413,-0.453330718679886,"1"
"680",-0.711178670704977,-0.368929418685562,"0"
"681",-0.144918557628802,-0.228592569911171,"0"
"682",-0.746117252774136,0.512992146802039,"0"
"683",-0.353242212839527,0.619248110257987,"1"
"684",-0.998064788996865,0.953657729204989,"1"
"685",-0.609396699422184,-1.29721224780784,"0"
"686",0.159361965529356,1.73441012927627,"1"
"687",1.29921194144506,1.07627494356579,"1"
"688",0.919591709096954,0.549951786966291,"1"
"689",1.03539375927471,-1.64633954166732,"0"
"690",0.0781091329641732,-1.06609384712804,"0"
"691",-2.15229306848892,-0.392716037607423,"1"
"692",-1.16162053772977,1.39412217844314,"1"
"693",0.329596669606014,-0.364359337928117,"1"
"694",0.643614110059125,-0.520012645654213,"1"
"695",-0.167966950352263,-0.915283019475567,"0"
"696",-0.111748887270382,-0.101276419444565,"0"
"697",1.62650159887259,0.162022653523676,"0"
"698",0.993794194026972,0.649999617911283,"1"
"699",-0.469294958726594,1.26096104577519,"1"
"700",-0.87020632817562,1.76838550488327,"1"
"701",1.86321536205948,0.386164926268705,"0"
"702",-0.377119761230509,0.0385513797253646,"0"
"703",-0.0636675487229469,-0.745299841236732,"0"
"704",0.110242044009631,0.307764374902149,"1"
"705",-0.317078728451792,1.35584905738571,"1"
"706",-0.218699037873114,0.553869130940834,"0"
"707",0.322288279798269,-0.045938301394759,"0"
"708",1.95944962968261,0.931245428434931,"0"
"709",0.485451582552767,-1.56775355724447,"0"
"710",0.493063705448491,-0.240535882131532,"0"
"711",-0.510789274230579,-0.442870751642902,"0"
"712",0.370345360380092,0.198361550490813,"1"
"713",-1.62608930275127,1.459142557456,"1"
"714",0.629325692991936,-0.0112155944163171,"1"
"715",1.19904367701371,1.53845657023683,"1"
"716",0.175015686325137,-0.0392934506220643,"1"
"717",0.671866633375576,-0.0143586103163501,"1"
"718",0.664018624218275,-1.91497099846143,"0"
"719",-0.464683697287914,1.67052571480091,"1"
"720",0.371932469541272,0.287493160698567,"1"
"721",-1.1793331659257,0.576381176960326,"0"
"722",0.540094839505843,0.451301327123568,"1"
"723",-0.774553467233419,0.141760013512609,"0"
"724",0.636293335698022,0.151554529898999,"1"
"725",2.07025324368128,1.94969025016435,"0"
"726",1.51306877109065,-1.69194111272506,"0"
"727",1.57047016092645,0.964920613199216,"0"
"728",1.02236071427501,0.452775317867799,"1"
"729",-0.646821559488216,0.230232550911297,"1"
"730",-0.970508513736376,1.2964400562207,"1"
"731",-0.300317756340325,-0.0635732818560071,"1"
"732",-0.268317893012776,-1.48490706973737,"0"
"733",0.0361011993968833,0.821553013390071,"1"
"734",-0.779159785186018,-0.92174528727626,"0"
"735",0.547842944256247,1.03156037007826,"1"
"736",-0.0530017013871745,-1.28311692536243,"0"
"737",-1.14271444424059,-0.235184234890198,"0"
"738",0.51821155787248,-1.01231934485592,"0"
"739",-0.579384377846161,0.41035621300943,"0"
"740",0.578552295439847,-0.602077830701139,"0"
"741",-0.609304116302509,0.757333743727824,"1"
"742",-0.748362588152221,0.513319175040888,"0"
"743",0.234868985053962,0.413712396532561,"1"
"744",0.479614162311011,1.4227500352341,"1"
"745",0.3817213269474,-0.877472968225288,"0"
"746",2.19959871323044,-0.534202248997819,"0"
"747",-0.0368512583521268,0.690937299532408,"1"
"748",0.299041469320596,0.502111502036522,"1"
"749",0.286044471746838,1.03625804923935,"1"
"750",2.22980637606365,-0.392581800601927,"0"
"751",-0.913359461378153,0.645229748524551,"0"
"752",2.43128720999462,0.183807714262134,"0"
"753",0.766619169755709,0.734302300020268,"1"
"754",-0.268164430560778,1.23434376056989,"1"
"755",1.40812133405307,1.15233565199723,"0"
"756",-1.20776141433113,0.856555142868492,"1"
"757",1.10070763843393,-1.1396363230088,"1"
"758",0.463897240448562,1.53632837524691,"1"
"759",-1.07512526306199,0.578887982079031,"1"
"760",0.250131225791174,-1.68687780895964,"0"
"761",-0.509038338480597,0.875976797849939,"1"
"762",0.0109065699085653,-1.15759782693187,"0"
"763",1.81252559525209,0.356330118933627,"0"
"764",-0.548241897060886,-0.873227723004071,"0"
"765",1.20918845667677,0.362227244861917,"1"
"766",1.6347279411151,-0.707578711054295,"0"
"767",-1.57687519829065,-0.107128699083457,"0"
"768",-0.233494116052999,0.424457628204449,"0"
"769",-0.668181226460284,0.867672311706245,"1"
"770",-0.767257734063709,0.0284323682938387,"0"
"771",1.74289247909832,-0.189402590350732,"0"
"772",-1.5593976586421,1.78555164369375,"1"
"773",0.888394669569446,0.116268400222008,"1"
"774",-0.471534304098988,1.20636720844971,"1"
"775",-0.316818936087993,0.0328562811726315,"0"
"776",1.13974627019536,1.88523404872833,"1"
"777",0.19926729708907,0.484914555127202,"1"
"778",0.520554327806781,-1.31587747910877,"0"
"779",1.17394012368365,-0.0214502154617938,"1"
"780",-0.369018223758308,-0.532777403028261,"0"
"781",0.29416106562658,-0.334053298895139,"0"
"782",0.321450503028137,0.0560104494959563,"1"
"783",1.01732950819656,-0.140755439772194,"1"
"784",0.303325246918294,0.677813611775405,"1"
"785",-0.12866433326805,0.818833762010094,"1"
"786",-0.00204609405093077,0.332810764135331,"1"
"787",0.532921311057577,-0.513820964724152,"0"
"788",1.27603052011069,0.28331214802407,"1"
"789",2.2220119523598,-0.526904947495585,"0"
"790",0.716527445826444,0.637513447447811,"1"
"791",0.78680218779149,-0.525268237241568,"1"
"792",-0.0746117859124104,-0.0579993573269469,"0"
"793",-1.10936045464346,1.55019973152315,"1"
"794",-0.45316172730238,0.615597171482224,"0"
"795",-0.510822252284142,0.0256506144601154,"0"
"796",-0.115659977123276,0.17639508995758,"1"
"797",0.909819480758787,0.249807005697689,"0"
"798",-1.73961995299356,0.709282349208747,"1"
"799",1.69219822197148,-1.02892397050974,"0"
"800",0.999144374238828,2.43840054021286,"1"
"801",-0.806922100457361,0.669701470761156,"0"
"802",-0.954943903650107,2.37516991482141,"1"
"803",0.0988739409618084,-0.78638128041243,"0"
"804",-0.583819487273123,0.645109870662293,"0"
"805",1.48388014358258,-0.431021670129036,"0"
"806",1.43199589811002,-0.702026007526242,"0"
"807",-0.28946928825695,0.390323861100442,"0"
"808",-0.867670999057001,0.972270588655933,"1"
"809",-1.58066258614307,-0.165404356241626,"1"
"810",0.564742800020611,-0.73441109470744,"0"
"811",0.990426131542883,0.122605220557414,"1"
"812",-0.314268535738706,-1.8343593494373,"0"
"813",-0.0385572066606788,-1.48659889314699,"0"
"814",-0.235028149733387,-0.152034561846909,"0"
"815",0.402195213245834,1.1716715568564,"1"
"816",0.693589464538087,2.10042399436431,"1"
"817",0.0975926013960647,0.479147437838653,"1"
"818",-0.973464509087954,1.42585302315407,"1"
"819",1.09054265650715,-0.846348120054341,"1"
"820",1.00106398106927,0.992956895761097,"1"
"821",0.378419345236611,1.53083792148562,"1"
"822",-0.562985513310422,0.0231692780210099,"0"
"823",1.22436392570635,1.2440605691164,"1"
"824",-0.405252417369983,-0.361983114115751,"0"
"825",-0.611101364700525,0.845609401025932,"1"
"826",0.337039399973734,0.00907273765167757,"1"
"827",-1.77215692892224,-0.294743954377248,"1"
"828",-0.422844818739506,1.2399056779306,"1"
"829",1.49700755273962,0.763704475892419,"0"
"830",-0.959710559399988,-0.723107196200655,"0"
"831",1.09448041445195,-1.03076414642728,"1"
"832",-1.06171056175061,-0.944917492289366,"0"
"833",-0.497542705501084,-0.300179900179413,"0"
"834",1.43710869488082,0.901442627395753,"0"
"835",0.105948626168106,-1.29035578920017,"0"
"836",1.13391647374083,1.42630942988061,"1"
"837",1.00355573572832,0.127127648541969,"1"
"838",-0.0860238730076862,-0.127168461798091,"1"
"839",-0.343878304492646,-0.0635434019794098,"1"
"840",0.395753987162542,0.829388722715181,"1"
"841",1.14138200145238,1.36635523746447,"1"
"842",-1.36940410719605,0.180318337205358,"0"
"843",0.781597558482208,0.274770351657866,"1"
"844",-0.316043626033081,-0.0101872420184314,"0"
"845",-0.468783040522351,-0.476485372937812,"0"
"846",0.266753541776681,0.133477742420537,"1"
"847",2.41599814742552,-0.140027790270801,"0"
"848",-0.473913471574199,0.396313527458865,"0"
"849",0.61410422829918,1.04450400953655,"1"
"850",-0.269007235548658,0.310661387216941,"0"
"851",-0.552758225005836,-0.403703265182593,"0"
"852",-0.475425490270688,-0.538437403895613,"0"
"853",-2.47255232310215,0.568994345204687,"1"
"854",2.32123786712427,-1.22459082728529,"0"
"855",-1.11240991687492,-1.66006346559742,"0"
"856",0.248782726528679,-0.89593482327413,"0"
"857",0.896600766499281,-0.379968160092698,"0"
"858",0.370822960942301,-0.958116787853711,"0"
"859",0.734095404626624,-1.29970133280802,"0"
"860",0.770101929330562,-0.21905351136413,"0"
"861",0.0214167159477821,-0.711486352527453,"0"
"862",-0.515110364465428,0.947021097072665,"1"
"863",-1.4708870273005,1.65535406704356,"1"
"864",0.405380279425164,0.726734980360555,"1"
"865",-0.324301717364155,0.844186501579233,"1"
"866",-0.203048835973784,-0.592661218190859,"0"
"867",0.952796498689308,1.20697213310204,"1"
"868",1.2705495399993,1.95254738457227,"1"
"869",-0.173620383351101,1.33324335793137,"1"
"870",-0.182436028587662,0.438298166756557,"1"
"871",-0.672979207696059,-0.751187910694759,"0"
"872",-0.71370269303972,0.0930909892740054,"0"
"873",0.18994781794271,2.98673699847501,"1"
"874",-0.110100349772479,0.166339831627001,"1"
"875",1.41698884968746,0.356153054505609,"1"
"876",0.199567133443177,1.45098766186379,"1"
"877",-1.04330533998197,1.60081841481077,"1"
"878",-0.303992513302373,-0.752488713351435,"0"
"879",-0.00377118081150979,0.681837598304497,"1"
"880",1.08580877188904,-1.16103327242294,"0"
"881",0.850638199499388,-0.139640666486662,"1"
"882",1.99796558115222,0.389055694416069,"0"
"883",2.24371674548632,0.610873128494343,"0"
"884",0.19931010915416,3.06331729116037,"1"
"885",0.851546041089629,0.20955755250648,"1"
"886",-1.38937232571884,-1.48790563998545,"1"
"887",-0.514697992494401,-0.00459634073025164,"0"
"888",1.30839058619272,-1.33189389048238,"0"
"889",0.39378791442782,0.070037949590149,"1"
"890",-1.12019611837449,0.682543545468718,"0"
"891",1.35199876121001,-0.578682150468417,"1"
"892",2.62934909778821,-0.546812508711854,"0"
"893",0.952687564124835,-0.185106158786113,"0"
"894",-0.579886284676241,0.948739172098106,"1"
"895",0.701761978627702,-1.55179875373403,"0"
"896",0.277452710918226,0.957528012655757,"1"
"897",-0.735455504418585,-0.57738638534804,"0"
"898",0.347828651214766,-0.354798535709578,"0"
"899",-0.117624181821599,1.04879227203997,"1"
"900",0.0350521305703133,1.43085323773403,"1"
"901",-0.556477734559292,-0.770460865623893,"0"
"902",-0.0332663726664379,0.440651600725149,"1"
"903",0.485309131981811,0.24074233338121,"1"
"904",-0.926083802477165,0.83408803267382,"1"
"905",-0.704390956414968,0.685701506035984,"0"
"906",-0.202064209577924,2.38930274169117,"1"
"907",-0.93091401820064,0.297089809041229,"0"
"908",0.734398192757896,0.346767689638694,"1"
"909",1.22741335909038,-0.219494325071323,"0"
"910",0.817600200710973,0.365793716026868,"1"
"911",-1.34819608982148,0.409382919297865,"0"
"912",1.67169395154496,0.552808382176912,"1"
"913",-0.964425333070084,0.0475738200559897,"0"
"914",-0.898075758557595,0.0723872578175263,"0"
"915",0.640126165947521,1.78067970735595,"1"
"916",0.171668720176142,0.575872535765883,"1"
"917",-0.579015730999911,-1.09576918399293,"0"
"918",0.702313460142106,-1.4200171652219,"0"
"919",-0.697542318621207,1.07720841578634,"1"
"920",-0.389627607382745,-0.345094766628638,"0"
"921",-0.99389278250773,-0.13573156707273,"0"
"922",1.2690485941059,1.30641309207576,"1"
"923",1.62927949988195,1.07037355386807,"0"
"924",-1.54899886347952,0.00383026638972422,"1"
"925",1.55940935308529,0.270653939897419,"0"
"926",0.22331181745839,0.67190610284871,"1"
"927",0.626604323215768,1.27795667386013,"1"
"928",0.362588498503544,1.09072199938154,"1"
"929",-0.719591412910889,-0.933225118216236,"0"
"930",-0.33008839964924,-0.186593548094388,"0"
"931",-1.05455368229511,-2.64186934196541,"0"
"932",0.460225126192537,-0.666590474260969,"0"
"933",1.7381764002142,-1.52001015873775,"0"
"934",1.30100466050915,-0.732733792554392,"0"
"935",1.82349352855306,0.325442622292219,"0"
"936",-0.0589375781626574,1.63099668564288,"1"
"937",0.0279731402858228,-1.44740138357302,"0"
"938",-0.295475571174726,0.598061570853957,"1"
"939",0.797341725978307,-0.415955584382066,"1"
"940",0.0327540578929381,0.990189826257865,"1"
"941",0.794604548625068,-0.979717901989655,"0"
"942",1.7965007400867,-0.318903437375849,"0"
"943",0.452625218970191,-1.70548856933609,"0"
"944",2.02724632798116,0.121560599923278,"0"
"945",-0.458816909169203,-2.03938768428578,"0"
"946",-0.0469353004697757,0.2884307262812,"0"
"947",0.553154723963744,-0.508550337884947,"1"
"948",-0.188118129114934,0.24743411519798,"0"
"949",1.52742416674984,0.397873399785479,"1"
"950",1.5336326154642,1.15080368252617,"0"
"951",-0.00826936531918182,1.22682830465792,"1"
"952",0.164508709184367,-1.02676605438432,"0"
"953",-1.47872701632682,1.04668600217428,"1"
"954",-0.195516992601921,1.36408581455154,"1"
"955",-1.28017189951929,0.990304357830832,"1"
"956",0.265617745379756,-1.6557582167055,"0"
"957",-0.717374205328261,0.640550157976273,"1"
"958",-0.292944957949486,0.675326463528872,"1"
"959",1.72029219800982,-1.22165461920197,"0"
"960",1.34292249910666,0.260945304013682,"1"
"961",-0.15901098673307,0.639089427419224,"1"
"962",0.878377521443093,0.243438313019239,"1"
"963",1.47526900537282,2.3070057411243,"1"
"964",-1.27688064056644,-0.275642058513442,"0"
"965",-0.612980820239708,-1.60604428945279,"0"
"966",0.0386736400743636,-0.856554195774345,"0"
"967",0.457796257108687,0.651015582441869,"1"
"968",-0.447109472818748,-0.713005571419393,"0"
"969",0.429825678693216,-0.331407585304591,"1"
"970",0.138741493730686,-0.0291415038531376,"1"
"971",-1.37699913613082,1.16464075547283,"1"
"972",0.377868802011482,-0.457790636971881,"1"
"973",0.495240276315746,0.76898657440088,"1"
"974",0.269609058254668,-0.476963674217462,"0"
"975",-0.779076104445336,0.249816647039681,"0"
"976",-0.336735871971237,-0.439571332593442,"0"
"977",0.104939260015772,0.394446177602086,"1"
"978",-1.16120318044261,0.177480526072362,"0"
"979",-2.58788970641698,1.98821026122303,"1"
"980",0.439534807300513,0.669800213310812,"1"
"981",-1.03112250886021,1.59008618994274,"1"
"982",-0.221955200438642,-0.170333982041201,"1"
"983",0.785173936813088,-0.0749321071042308,"1"
"984",0.873333712072343,-1.11100452609308,"0"
"985",-1.71595376422809,-0.0849690108646645,"1"
"986",-1.06312469620371,-0.217627508818492,"0"
"987",-0.0435406388344828,0.99593066440902,"1"
"988",-0.400871197936391,0.437899934406251,"0"
"989",-0.651212335834115,0.506434088362233,"0"
"990",-0.716853324944009,1.27435228482055,"1"
"991",-0.391926278907176,0.182357956038322,"0"
"992",1.6076452772703,0.31068493889877,"1"
"993",0.178887402793733,0.0586142061719594,"1"
"994",-0.11801975551313,-0.134330157567529,"1"
"995",-1.66511005975922,0.720571476411206,"1"
"996",2.08647696930876,-1.61508410536079,"0"
"997",0.877530981894292,1.52983744783519,"1"
"998",0.0512772067175585,0.608624606453777,"0"
"999",0.395884153286975,-0.876312966085256,"0"
"1000",-0.908979463290276,-0.207754140999483,"0"
